usuario,nota,texto,data,texto_limpo
Leandro Solon,5,Quero ver abrir meu aplicativo,2026-06-20 01:35:38,quero ver abrir meu aplicativo
Wagner Monteiro,5,Boa demqis,2026-06-20 01:33:03,boa demqis
Lucia Andrade,5,maravilhosa de mais ❤️,2026-06-20 01:32:54,maravilhosa de mais
Ageu Ferreira,5,Excelente 👌,2026-06-20 00:00:04,excelente
Duda Moreira,1,"Não aparece mais o dinheiro que eu envio ao povo! Acaba ficando ruim, pois eu me perco sem saber com o que eu gastei.",2026-06-19 23:21:55,não aparece mais o dinheiro que eu envio ao povo acaba ficando ruim pois eu me perco sem saber com o que eu gastei
Ana Elizabete Santos Borges,5,muito bom,2026-06-19 23:14:36,muito bom
Márcio Daniel,5,o banco do futuro!,2026-06-19 22:40:54,o banco do futuro
Eronilda Lira,3,eu queria fazer um empréstimo. mas os juros são um absurdo. tirando 10 mil eu iria pagar 42 mil só de juros mas de 30 mil em 48 vezes... porque fazendo um empréstimo pagar tanto juros assim. mem no consignado não é tanto juros assim,2026-06-19 22:37:03,eu queria fazer um empréstimo mas os juros são um absurdo tirando mil eu iria pagar mil só de juros mas de mil em vezes porque fazendo um empréstimo pagar tanto juros assim mem no consignado não é tanto juros assim
kaua Fernando,5,o melhor banco que tem,2026-06-19 22:34:55,o melhor banco que tem
Marcelo Galdino,5,ótimo cartão,2026-06-19 22:05:35,ótimo cartão
Heitor Alves,5,e muito bom o app,2026-06-19 22:02:31,e muito bom o app
Isaura Costurando sonhos,5,faz muitos anos que uso recomendo,2026-06-19 21:43:32,faz muitos anos que uso recomendo
Adilson Belizário,5,um dos melhores banco que já tive.. muito obrigado nubk pela oportunidade..,2026-06-19 21:42:06,um dos melhores banco que já tive muito obrigado nubk pela oportunidade
Johan Navarro,5,"Fui atendido pela Roberta, olha, eu não sei quem é, de onde é, mas pensa numa profissional excelente, resolveu meu problema com golpe em menos de 25 minutos e me extornou o valor. Nubank é um banco de ponta.",2026-06-19 21:26:31,fui atendido pela roberta olha eu não sei quem é de onde é mas pensa numa profissional excelente resolveu meu problema com golpe em menos de minutos e me extornou o valor nubank é um banco de ponta
Geovanna Gabriely,1,faz dias que o banco não consegue autorização pra criar conta,2026-06-19 21:22:34,faz dias que o banco não consegue autorização pra criar conta
Romildo,5,boa,2026-06-19 21:16:56,boa
Joyce Maria Maria,1,o pior banco que existe,2026-06-19 21:03:51,o pior banco que existe
Lauro Gonçalves,5,Perfeito 🟢,2026-06-19 20:59:30,perfeito
Rubem Barbosa,5,muito bom e prático,2026-06-19 20:54:41,muito bom e prático
Valdir Nunes Do Prado,5,"muito bom crédito rápido,pena que eu mi perdi no uso do cartão",2026-06-19 20:39:25,muito bom crédito rápidopena que eu mi perdi no uso do cartão
Sr. Calbente,1,Obrigatório falar com IA para fazer Pix sendo que antes era somente colocar o valor e a senha. Pior experiência com banco.,2026-06-19 20:35:02,obrigatório falar com ia para fazer pix sendo que antes era somente colocar o valor e a senha pior experiência com banco
Arthur Vinícius,5,esse cartão nubank e ótimo,2026-06-19 20:14:37,esse cartão nubank e ótimo
Davi Lucas,5,hoje uso por que é um aplicativo seguro e bom para todas as idades,2026-06-19 20:09:12,hoje uso por que é um aplicativo seguro e bom para todas as idades
Joyce ancelmo Moraes,2,"essa nunbak faz mais de 4 anos que uso e não meu deu nenhum limite ,,em outros bancos em tenho",2026-06-19 20:09:10,essa nunbak faz mais de anos que uso e não meu deu nenhum limite em outros bancos em tenho
Millena Silva,5,Banco muito bom e fácil de mexer,2026-06-19 19:55:13,banco muito bom e fácil de mexer
Rian Luiz (Luiz),5,ótima opção para banco e primeira escolha 👍🏻,2026-06-19 19:40:21,ótima opção para banco e primeira escolha
Ivani Souza,5,"Eu amo o NUBANK e seus IAs e seus atendentes, que são muito eficientes e gentis🥰🥰🥰 Indico para todos meus amigos, filhos etc",2026-06-19 19:36:28,eu amo o nubank e seus ias e seus atendentes que são muito eficientes e gentis indico para todos meus amigos filhos etc
Elessandra Pereira,3,não tive problema nenhum até agora com a nubank,2026-06-19 19:33:54,não tive problema nenhum até agora com a nubank
Gustavo Lacerda,5,boa,2026-06-19 19:30:20,boa
Bernardo,5,👍,2026-06-19 19:27:48,
Laise Carvalho,5,aplicativo ótimo pra usar,2026-06-19 19:23:41,aplicativo ótimo pra usar
Antonio Júnior,1,Escaneio um qr code para pagar com Pix e fica numa tela preta. Espero e nada. Poco M8 5g,2026-06-19 19:23:24,escaneio um qr code para pagar com pix e fica numa tela preta espero e nada poco m g
Satoru_Gojo,5,Muito bom,2026-06-19 19:19:35,muito bom
Eliese Fernandes,5,ótimo,2026-06-19 18:55:57,ótimo
O Comentador,5,Nunca tive problemas... ótimo banco,2026-06-19 18:49:23,nunca tive problemas ótimo banco
Jane de Araújo Leite,5,ótimo,2026-06-19 18:39:27,ótimo
Gabriel Beltrex,5,Gratidão,2026-06-19 18:39:13,gratidão
Paulina Araújo de Jesus,1,O problemado ee o limite que não aumenta er pessimo,2026-06-19 18:37:20,o problemado ee o limite que não aumenta er pessimo
Marlene da Silva Moura,5,ótimo,2026-06-19 18:34:11,ótimo
Ronnie Bisterço,1,só eu que está dentro problema para receber pix?,2026-06-19 18:25:08,só eu que está dentro problema para receber pix
Iracema Cema,5,paguei a dívida e já tem uns meses nada de crédito sempre movimento a conta é até agora nada,2026-06-19 18:20:29,paguei a dívida e já tem uns meses nada de crédito sempre movimento a conta é até agora nada
Walter Chagas,5,foi o melhor cartão de crédito que apareceu até hoje.,2026-06-19 18:11:11,foi o melhor cartão de crédito que apareceu até hoje
Ivan Felipe Almeida,3,"o banco é bom mas quando vc mais precisa ele não ajuda, vc paga adiantado os empréstimos e não libera mais cartão mesma coisa pago em dia tudo em ordem limite reservado e tudo e não aumenta o limite",2026-06-19 17:53:00,o banco é bom mas quando vc mais precisa ele não ajuda vc paga adiantado os empréstimos e não libera mais cartão mesma coisa pago em dia tudo em ordem limite reservado e tudo e não aumenta o limite
SUCATAO 96,5,ótimo banco pena que eu fui roubado e atrasei o pagamento e perdi meu Roxinho,2026-06-19 17:42:49,ótimo banco pena que eu fui roubado e atrasei o pagamento e perdi meu roxinho
Marcio Gomes,5,fácil de usar,2026-06-19 17:40:02,fácil de usar
Luis Carlos,3,bom,2026-06-19 17:31:27,bom
Paulo Henrique,5,muito bom,2026-06-19 17:31:11,muito bom
Leandro Reich,5,Fácil de usar,2026-06-19 17:30:33,fácil de usar
Nazielly Corrêa Barbosa,5,muito bom,2026-06-19 17:22:17,muito bom
Matheus Michel,5,E muito bom,2026-06-19 17:21:48,e muito bom
Antony Morais,1,travando muito,2026-06-19 17:12:41,travando muito
Luiz Carlos Pereira Lima,5,"até aqui, satisfeito!",2026-06-19 17:12:08,até aqui satisfeito
Leliane Soares,4,muito bom,2026-06-19 17:07:56,muito bom
WILLIAN Padilha,1,depois de pagar o cartão atrasado eu estou em analise a 6 meses nao recomendo,2026-06-19 16:53:45,depois de pagar o cartão atrasado eu estou em analise a meses nao recomendo
Mariza Ballaka,5,amor,2026-06-19 16:50:48,amor
Gabriel De Souza Gonçalves,5,"ótimo banco, desde o primeiro dia de conta gostei bastante dessa empresa",2026-06-19 16:40:08,ótimo banco desde o primeiro dia de conta gostei bastante dessa empresa
Cristiano Rene,5,ótima,2026-06-19 16:34:46,ótima
Maria das Candeias,5,esse cartão Nubank er excelente,2026-06-19 16:33:50,esse cartão nubank er excelente
Midian Silva castro,5,incrível,2026-06-19 16:32:16,incrível
Sophia Souza,5,"Muito bom, é um ótimo banco",2026-06-19 16:30:06,muito bom é um ótimo banco
Lia Souza,1,não estou conseguindo acessar o aplicativo,2026-06-19 16:16:45,não estou conseguindo acessar o aplicativo
Josinaldo Silva,5,aplicativo muito bom,2026-06-19 16:11:03,aplicativo muito bom
Edvaldo Jesus,5,bom,2026-06-19 15:56:25,bom
Jason Pereira Barbosa,2,não tá abrindo.,2026-06-19 15:52:39,não tá abrindo
Eliege Santos,5,Continua sempre em evolução.,2026-06-19 15:47:16,continua sempre em evolução
Glaucia Silva,5,ótimo atendimento,2026-06-19 15:46:58,ótimo atendimento
Alice machado Costa,5,a melhor que eu já tive,2026-06-19 15:35:55,a melhor que eu já tive
Matheus Carneiro,3,O app exibe apenas uma tela em branco após ler o QRcode.,2026-06-19 15:30:01,o app exibe apenas uma tela em branco após ler o qrcode
nemercio marçal vieira,5,top.de excelência.,2026-06-19 15:28:11,topde excelência
Marcelino Filho,5,Ótimo Banco fácil de ultilizar!,2026-06-19 14:52:59,ótimo banco fácil de ultilizar
juçara Campos,4,não estou conseguindo ler o Qrcode para pagamento no pix,2026-06-19 14:50:16,não estou conseguindo ler o qrcode para pagamento no pix
Lindalva Gomes Bringel Gomes Bringel,5,ótimo,2026-06-19 14:45:37,ótimo
maria silva,5,ótima,2026-06-19 14:38:17,ótima
Ruan Ferreira,5,bom 👍,2026-06-19 14:22:47,bom
Adryana aghata,1,"ótimo banco pra usar no dia a dia ruim dele e que nao aumenta limite,faz tempo que meu limite nao aumenta e sempre pago as faturas em dias nunca atrasei. mudei pra esse banco pra ver se tinha um limite melhor pena que nao aumenta. nubank aumente meu limite ja ta na hora ne,entao esse negócio de investir pra aumenta limite não e bom,da outra vez com score bom passei quase 3 anos so cm 50 reais de limite, ja vie que dessa vez vai ser vai ser anos denovo. vou e tira o que foi investido e muda banco",2026-06-19 14:19:21,ótimo banco pra usar no dia a dia ruim dele e que nao aumenta limitefaz tempo que meu limite nao aumenta e sempre pago as faturas em dias nunca atrasei mudei pra esse banco pra ver se tinha um limite melhor pena que nao aumenta nubank aumente meu limite ja ta na hora neentao esse negócio de investir pra aumenta limite não e bomda outra vez com score bom passei quase anos so cm reais de limite ja vie que dessa vez vai ser vai ser anos denovo vou e tira o que foi investido e muda banco
Tereza cristina Dos santos Alves,5,Eu gostaria de saber que quando tomamos o empréstimo tem os juros e tem o seguro depois que agente acaba de pagar o dinheiro do seguro teria que voltar pq tomou 10 mil pagamos em 10x vai pra 15 mil e o seguro que pagamos ?,2026-06-19 14:13:53,eu gostaria de saber que quando tomamos o empréstimo tem os juros e tem o seguro depois que agente acaba de pagar o dinheiro do seguro teria que voltar pq tomou mil pagamos em x vai pra mil e o seguro que pagamos
juan francisco carvajal,5,top,2026-06-19 14:08:22,top
Kailane Santos,5,ótimo,2026-06-19 14:05:09,ótimo
Mariapereiradasilva Silva,5,boa,2026-06-19 13:53:28,boa
Mateus Felipe,5,"simplesmente a leitura de pix via qrcode parou de funcionar. Olhei nos outros apps de bancos e todos funcionam normalmente ou seja, não é o aparelho",2026-06-19 13:45:46,simplesmente a leitura de pix via qrcode parou de funcionar olhei nos outros apps de bancos e todos funcionam normalmente ou seja não é o aparelho
Elisangela Da silva,5,excelente,2026-06-19 13:33:15,excelente
José Luis,5,muito bom,2026-06-19 13:23:46,muito bom
Ivone Mendes,5,5 muito bom,2026-06-19 13:22:38,muito bom
eliezer santos,3,"não é minha primeira vez falando aqui o banco é ótimo mas o aplicativo continua horrível trava toda hora , e não tem haver com limpeza de cache ou falta de Internet, esses erros do app tem que ser consertados toda vez é uma luta pra conseguir usar o app é desinstalar e instalar denovo toda vez",2026-06-19 13:15:37,não é minha primeira vez falando aqui o banco é ótimo mas o aplicativo continua horrível trava toda hora e não tem haver com limpeza de cache ou falta de internet esses erros do app tem que ser consertados toda vez é uma luta pra conseguir usar o app é desinstalar e instalar denovo toda vez
zacarias zeykys,5,ótimo,2026-06-19 13:09:29,ótimo
Maira Da Costa Soares,1,muitas falhas da última atualização a questão de crédito deixou muito a desejar,2026-06-19 13:00:31,muitas falhas da última atualização a questão de crédito deixou muito a desejar
Jorge Jorginho,5,não estou conseguindo pagar com QR code,2026-06-19 12:42:14,não estou conseguindo pagar com qr code
Maria Aparecida Gomes,5,mas eu não consigo o código de barra para mim acessar a minha conta,2026-06-19 12:35:46,mas eu não consigo o código de barra para mim acessar a minha conta
Cassius Pereira,5,muito bom amei,2026-06-19 12:29:49,muito bom amei
Lucelino Matias,4,"Ótimo banco, depois que começou pedir localização para entrar no aplicativo o aplicativo aplicativo tá travando demais!",2026-06-19 12:28:58,ótimo banco depois que começou pedir localização para entrar no aplicativo o aplicativo aplicativo tá travando demais
Judson Natan Dudu,5,bom,2026-06-19 12:28:23,bom
BARBOSA DE PAULA produções,5,top,2026-06-19 12:20:13,top
Adriana Heloisa,5,otimo muito bom,2026-06-19 12:14:40,otimo muito bom
Ulisses Lima Martins,5,muito bom,2026-06-19 12:10:59,muito bom
Oliver,5,excelente,2026-06-19 12:04:47,excelente
Vitoria Vitoria Laura,5,nubank e um aplicativo muito bom em de confiança,2026-06-19 11:58:54,nubank e um aplicativo muito bom em de confiança
Jose Neto,5,É o melhor conta que eu já tive Meus parabéns Nubank,2026-06-19 11:58:16,é o melhor conta que eu já tive meus parabéns nubank
Tahur Vieira,1,Sempre tive histórico notas 8 ou 9.. a partir de momento que compartilhei dados via Open Finance o Nubank derrubou meu histórico com outras instituições financeiras. Nubank não é transparente e confiável.,2026-06-19 11:47:40,sempre tive histórico notas ou a partir de momento que compartilhei dados via open finance o nubank derrubou meu histórico com outras instituições financeiras nubank não é transparente e confiável
Celia Brito,3,ele quer Pix automático,2026-06-19 11:45:41,ele quer pix automático
Maria de Lourdes,5,Sensacional!! simplesmente apaixonada por esse roxinho..💜🟢🟡⚪,2026-06-19 11:38:01,sensacional simplesmente apaixonada por esse roxinho
cristiana alencar,5,uma empresa com excelência!,2026-06-19 11:31:43,uma empresa com excelência
Juarez Arlindo,5,eu não estou conseguindo mais acessar meu aplicativo por quê até agora tava confiável mas apareceu esse negócio de investimento financeiro eu não consigo voltar nele mais ver meu saldo,2026-06-19 11:30:39,eu não estou conseguindo mais acessar meu aplicativo por quê até agora tava confiável mas apareceu esse negócio de investimento financeiro eu não consigo voltar nele mais ver meu saldo
Ruanzinho Santos,5,muito bom,2026-06-19 11:27:04,muito bom
Neila maria,5,Amo o meu roxinho Cada dia me apaixono mais !!!!!,2026-06-19 11:19:35,amo o meu roxinho cada dia me apaixono mais
Jose R Santos,4,Até agora sem problemas agora os riscos de invasão ou ataques de rackers,2026-06-19 11:16:20,até agora sem problemas agora os riscos de invasão ou ataques de rackers
Juliano Da cruz,1,já foi bom hoje em dia tá muito ruim,2026-06-19 11:06:16,já foi bom hoje em dia tá muito ruim
Washington Francisco rabelo pestana,5,ate agora e o melhor banco que já tive sem comparação e melhor em tudo,2026-06-19 11:00:15,ate agora e o melhor banco que já tive sem comparação e melhor em tudo
Késia Caroline Leal Carneiro,5,Melhor de todos!,2026-06-19 10:55:38,melhor de todos
Cleilton Cardoso Araujo,5,a melhor q tá tendo,2026-06-19 10:54:21,a melhor q tá tendo
rose valente,3,só consegui desbloquear com a ajuda da atendente,2026-06-19 10:38:43,só consegui desbloquear com a ajuda da atendente
Jonatas Arruda,3,"Era bom, mas agora está constantemente mandando notificações de propaganda, o que nos faz ter que desligar as notificações, pondo em risco a segurança, pois ao bloquear as propagandas bloqueamos também as notificações importantes.",2026-06-19 10:35:57,era bom mas agora está constantemente mandando notificações de propaganda o que nos faz ter que desligar as notificações pondo em risco a segurança pois ao bloquear as propagandas bloqueamos também as notificações importantes
Luciane Mancio,5,"acho ótimo e seguro. cada vez que ouve suspeita de golpe, foi bloqueado e fui informada.",2026-06-19 10:25:52,acho ótimo e seguro cada vez que ouve suspeita de golpe foi bloqueado e fui informada
Ana Karine Lopes De Souza,5,Conta top,2026-06-19 10:22:46,conta top
Isaac Soares,5,show parabéns 🎈🎈🎈🎈👏👏👏👏,2026-06-19 10:16:12,show parabéns
Dimas Avelino,1,app muito ruim 👎 tenho conta normal e conta PJ tudo no mesmo aplicativo quando acessa a PJ trava e não tem como voltar pra conta normal,2026-06-19 10:08:35,app muito ruim tenho conta normal e conta pj tudo no mesmo aplicativo quando acessa a pj trava e não tem como voltar pra conta normal
Igor Miranda,5,Excelente. Usos a anos e sempre foi confiável. Uma sujestão: Poder receber pagamentos por aproximação como se o celular fosse uma maquininha.,2026-06-19 10:08:27,excelente usos a anos e sempre foi confiável uma sujestão poder receber pagamentos por aproximação como se o celular fosse uma maquininha
Erika Maciel Assis,5,atente muito bem as minhas necessidades,2026-06-19 10:02:24,atente muito bem as minhas necessidades
Ronaldo Gonçalves Cabral,5,"esse banco é ótimo, fácil de utilizar no dia dia!",2026-06-19 09:55:11,esse banco é ótimo fácil de utilizar no dia dia
Jose Mauro,5,muitotento,2026-06-19 09:48:30,muitotento
Aparecido Teixeira,5,adoro as séries... só nunca recebi nenhum Pix ... KKK !!!,2026-06-19 09:40:27,adoro as séries só nunca recebi nenhum pix kkk
Francisco Pereira,5,muito bom,2026-06-19 09:27:11,muito bom
João Victor Silva de Oliveira pereira,5,nubank está sendo muito bom em qualidade!,2026-06-19 09:01:05,nubank está sendo muito bom em qualidade
Bruno Gabryel,5,O melhkr,2026-06-19 09:00:55,o melhkr
Ana Carla,3,é muito bom,2026-06-19 08:56:24,é muito bom
Francisco Wenner,1,aplicativo não está abrindo de forma alguma,2026-06-19 08:54:20,aplicativo não está abrindo de forma alguma
Fernando,3,"O sistema de autorização por scan facial é meio ruim, tive que falar com o suporte duas vezes pra conseguir autorizar meu dispositivo atual. Nunca tive problemas desse tipo com outros bancos no mesmo dispositivo.",2026-06-19 08:54:17,o sistema de autorização por scan facial é meio ruim tive que falar com o suporte duas vezes pra conseguir autorizar meu dispositivo atual nunca tive problemas desse tipo com outros bancos no mesmo dispositivo
Carlos vagner,5,muito excelente,2026-06-19 08:47:52,muito excelente
Rosangela romano,4,"Cadê a modalidade de empréstimo , cujo dinheiro 💰 na caixinha fica retido ?? Gostaria que voltasse.",2026-06-19 08:43:48,cadê a modalidade de empréstimo cujo dinheiro na caixinha fica retido gostaria que voltasse
Renato Silva,5,"Foi o melhor banco que trabalhei nos ultimos anos,estou com minhas finanças desordenadas mas estou lutando para regularizar tdo",2026-06-19 08:38:23,foi o melhor banco que trabalhei nos ultimos anosestou com minhas finanças desordenadas mas estou lutando para regularizar tdo
Wdson Santana,5,gostei!,2026-06-19 08:36:11,gostei
Sansu Lela,1,"Uso mais de 15 anos e concluí que é melhor e mais seguro ter e concentrar gastos em banco físico: há mais detalhamento de gastos e investimentos, aumento de crédito no app, falando com o gerente ou indo até uma agência negociar. No Nu aumentar e liberar limite leva anos, e pior, é condicionado a tarefas: não importa se é cliente antigo, investe, gasta alto e paga em dia - aliás, isso não é valorizado. Se der um bug deixa na mão, com dinheiro no escuro. Serve, mas como um suporte pro básico.",2026-06-19 08:25:48,uso mais de anos e concluí que é melhor e mais seguro ter e concentrar gastos em banco físico há mais detalhamento de gastos e investimentos aumento de crédito no app falando com o gerente ou indo até uma agência negociar no nu aumentar e liberar limite leva anos e pior é condicionado a tarefas não importa se é cliente antigo investe gasta alto e paga em dia aliás isso não é valorizado se der um bug deixa na mão com dinheiro no escuro serve mas como um suporte pro básico
Sabrina Mariana Santos,5,"Muito bom e rápido a transação, PIX. Não tive problemas nenhum até o momento.",2026-06-19 08:19:45,muito bom e rápido a transação pix não tive problemas nenhum até o momento
João Pereira de Magalhães,5,Banco muito bom pra trabalhar,2026-06-19 08:19:18,banco muito bom pra trabalhar
Bento,4,a cabei de obicervar o anúncio de quitação de dívida causada por uma imprensa que copio meus dados. e q tá em transições na justiça.,2026-06-19 08:06:50,a cabei de obicervar o anúncio de quitação de dívida causada por uma imprensa que copio meus dados e q tá em transições na justiça
Jailton Cardoso,5,muito bom,2026-06-19 08:06:24,muito bom
Nickollas miguel Nunes barbosa,5,a nubank e ótima super recomendo,2026-06-19 08:00:47,a nubank e ótima super recomendo
Antônio Juarez dos Santos Neno,5,estou muito satisfeito com esse cartão,2026-06-19 07:57:15,estou muito satisfeito com esse cartão
Gilberto Geraldo da Silva Geraldo,5,não ajuda com minhas contas,2026-06-19 07:55:08,não ajuda com minhas contas
Yane Kellen cardoso,5,e maravilhosa tem suporte para ajudar quando tive alguma dúvida,2026-06-19 07:51:28,e maravilhosa tem suporte para ajudar quando tive alguma dúvida
Nilson Araujo,4,não está sendo fácil entrar no aplicativo opção senha,2026-06-19 07:36:30,não está sendo fácil entrar no aplicativo opção senha
Viviane Miranda,2,"Gostaria de saber porque,não tá funcionando a leitura do qrcolde.quando vou fazer Pix, não lê.",2026-06-19 07:14:42,gostaria de saber porquenão tá funcionando a leitura do qrcoldequando vou fazer pix não lê
Dark Alex,5,faz um bom tempo que tenho está conta gostaria muito de ter mas crédito com ela se um dia ela mi permitir ainda apenas com 50 reais de crédito.,2026-06-19 07:12:29,faz um bom tempo que tenho está conta gostaria muito de ter mas crédito com ela se um dia ela mi permitir ainda apenas com reais de crédito
Jose Carlos Nicesio Filho,5,ótimo,2026-06-19 06:59:36,ótimo
José Rener Bezerra Barbosa,5,muito bom super top,2026-06-19 06:31:10,muito bom super top
Janalice das graças Pereira,5,ótimo,2026-06-19 05:51:37,ótimo
Altair Miranda,5,o nubank seus funcionários muitos prestativo,2026-06-19 04:27:39,o nubank seus funcionários muitos prestativo
Fabiano Vieira,5,o meu nao ta indo ta falando que tem que desinstala o aplicativo de Wi-Fi pq sera,2026-06-19 03:41:54,o meu nao ta indo ta falando que tem que desinstala o aplicativo de wifi pq sera
josue santos,5,app muito bom sempre uso e muito útil,2026-06-19 02:34:07,app muito bom sempre uso e muito útil
Guilherme Morais,1,São uns ladrão rouba dinheiro da conta e não quer devolver,2026-06-19 02:31:08,são uns ladrão rouba dinheiro da conta e não quer devolver
Román Ceballos,5,"excelente, fácil de manejar nunca habia podido ser tan fácil",2026-06-19 02:12:03,excelente fácil de manejar nunca habia podido ser tan fácil
Leila Cruz,5,melhor banco 💸🏦,2026-06-19 01:00:03,melhor banco
Jordan Alles,5,legal,2026-06-19 00:20:13,legal
tekuala Karaja,5,Nubank tá fôncilnado muito rroi,2026-06-19 00:15:26,nubank tá fôncilnado muito rroi
Karolyne Teixeira,2,"essa atualização das criptomoeda tá ruim demais... carteira fria, carteira quente com CPF no Brasil e carteira internacional pra que? já é complexo a questão da criptomoeda porque se errar a carteira você perde as moedas, ainda tacaram mais 3 opções, é pra confundir mais ainda as questões",2026-06-18 23:30:16,essa atualização das criptomoeda tá ruim demais carteira fria carteira quente com cpf no brasil e carteira internacional pra que já é complexo a questão da criptomoeda porque se errar a carteira você perde as moedas ainda tacaram mais opções é pra confundir mais ainda as questões
Daniel Mamute,5,muito bom 👍,2026-06-18 23:20:38,muito bom
່,1,"O banco aparenta ser ótimo, mas estou tendo um problema que impede totalmente a criação da minha conta. Sempre que tento finalizar o cadastro, aparece a mensagem de que o cadastro está expirado, e isso acaba virando um ciclo sem fim. Já tentei fazer esse processo há bastante tempo e o erro continua exatamente o mesmo. Gostaria de uma solução, pois não consigo sequer concluir meu cadastro.",2026-06-18 22:47:49,o banco aparenta ser ótimo mas estou tendo um problema que impede totalmente a criação da minha conta sempre que tento finalizar o cadastro aparece a mensagem de que o cadastro está expirado e isso acaba virando um ciclo sem fim já tentei fazer esse processo há bastante tempo e o erro continua exatamente o mesmo gostaria de uma solução pois não consigo sequer concluir meu cadastro
FlexX FF,5,melhor banco digital,2026-06-18 22:35:59,melhor banco digital
Carlos Alberto,5,um baço excelente. infelizmente eu me enrolei nos meus negócios. mas assim que de vou pagar o que estou devendo .,2026-06-18 22:29:10,um baço excelente infelizmente eu me enrolei nos meus negócios mas assim que de vou pagar o que estou devendo
Thaís Anastacio,5,maravilha,2026-06-18 22:23:41,maravilha
Marcelo Queiróz,1,Enviar documentos pessoais pela 3° vez 👎👎👎,2026-06-18 22:11:18,enviar documentos pessoais pela vez
Amarildo Pinheiro,1,ninguém da um retorno pra o cliente que tem um problema com a compra!!,2026-06-18 22:09:13,ninguém da um retorno pra o cliente que tem um problema com a compra
Roniclei Da Conceição Ferreira,5,muito bom,2026-06-18 21:59:02,muito bom
Ana Lucia Souto,5,amo esse app muito legal,2026-06-18 21:58:16,amo esse app muito legal
Joselice Jesus,5,Eu amo a nubank eu tenho até o cartão pra vcs terem noção me sinto em casa kkk,2026-06-18 21:53:36,eu amo a nubank eu tenho até o cartão pra vcs terem noção me sinto em casa kkk
Luis Pereira,5,bom,2026-06-18 21:47:09,bom
Elza Apdae,5,Gosto,2026-06-18 21:46:52,gosto
Cleber Auko,5,tóp de uma forma de vida de uma pessoa que não tem nada mais que uma vida,2026-06-18 21:44:03,tóp de uma forma de vida de uma pessoa que não tem nada mais que uma vida
Déia Marcos,5,"gosto do banco e me atende muito bem o problema que não consigo mais entrar sem esbarrar em uma tela que pede cadastro,sendo que já sou cadastrada e não gosto de abrir a tela com senha , prefiro digital...não estou tendo está opção...quando saiu do app e abro novamente é como se fosse a primeira vez de uso o passo a passo do cadastro...será um bug?!!!!me ajudem a resolver nem com os atendimentos consigo falar quando resolver coloco 5 estrelas...como prometi obrigada pela atenção e as orientações",2026-06-18 21:18:17,gosto do banco e me atende muito bem o problema que não consigo mais entrar sem esbarrar em uma tela que pede cadastrosendo que já sou cadastrada e não gosto de abrir a tela com senha prefiro digitalnão estou tendo está opçãoquando saiu do app e abro novamente é como se fosse a primeira vez de uso o passo a passo do cadastroserá um bugme ajudem a resolver nem com os atendimentos consigo falar quando resolver coloco estrelascomo prometi obrigada pela atenção e as orientações
Talita Rodrigues,5,maravilhoso tudo facilidade amei,2026-06-18 21:06:16,maravilhoso tudo facilidade amei
alcineide gonçalves,5,o melhor banco que já conheci,2026-06-18 21:04:26,o melhor banco que já conheci
THIAGO77,1,merora mais por favor,2026-06-18 20:52:42,merora mais por favor
Rafael souza machado,5,top,2026-06-18 20:39:54,top
Maria Pereira,3,estou esperando aumento de limite ou um empréstimo a meses e nada se até dezembro se não aumenta o limite vou cancelar a conta,2026-06-18 20:38:44,estou esperando aumento de limite ou um empréstimo a meses e nada se até dezembro se não aumenta o limite vou cancelar a conta
gilson pedro da costa costa,5,muito bom muito útil ajuda muito os seus clientes,2026-06-18 20:38:10,muito bom muito útil ajuda muito os seus clientes
Jean Vitor Zimermann,2,"muitas atualizações frequentes e meu celular não tem espaço, então fica difícil pra atualizar e utilizar.",2026-06-18 20:35:00,muitas atualizações frequentes e meu celular não tem espaço então fica difícil pra atualizar e utilizar
Tadeu SL,2,minha opinião é difícil aumentar crédito e devolver o crédito que foi tirado,2026-06-18 20:33:31,minha opinião é difícil aumentar crédito e devolver o crédito que foi tirado
Juciara Andrade Dos Santos Juci,5,boa,2026-06-18 20:21:01,boa
Roque Corazza Neto,3,"o App é bom e interativo para funções relacionadas a financeiro"" banco "", porém para aplicações em mercado financeiro, deixa muito a desejar ... um delay muito grande entre a B3 e app, além de não dispor de dispostos com stop loss e stop gain ... então só serve para investidores juniores ... Do mais é muito bom e inovador, porém não recomendo para investidores de Bolsa de valores etc ...",2026-06-18 20:14:56,o app é bom e interativo para funções relacionadas a financeiro banco porém para aplicações em mercado financeiro deixa muito a desejar um delay muito grande entre a b e app além de não dispor de dispostos com stop loss e stop gain então só serve para investidores juniores do mais é muito bom e inovador porém não recomendo para investidores de bolsa de valores etc
ADRIA DE ABREU SCATOLLINI,5,Nubank muito elogiado !,2026-06-18 20:08:50,nubank muito elogiado
Danilo Rodrigues,5,Muito bom!,2026-06-18 20:08:43,muito bom
Sandra Araujo da Silva Araujo,5,"Este app é muito útil gostaria de poder atualiza,lo",2026-06-18 20:00:08,este app é muito útil gostaria de poder atualizalo
Gustavo Ferraz,5,muito bom,2026-06-18 19:59:01,muito bom
EVERTHON SANTOS,1,"O que está acontecendo com o acesso ao app hoje, 17/06/26? Aparece insistentemente mensagem de que está sem acesso a internet, mesmo estando a internet normal. Atualizei o app agora há pouco, reiniciei o celular e ainda sem conseguir acesso a minha conta. Já não bastasse a dificuldade que tive para que meu cartão fosse entregue (hoje, diga -se de passagem), não estou conseguindo de jeito nenhum entrar na conta. A incerteza de permanecer no banco é grande devido a isso.",2026-06-18 19:45:53,o que está acontecendo com o acesso ao app hoje aparece insistentemente mensagem de que está sem acesso a internet mesmo estando a internet normal atualizei o app agora há pouco reiniciei o celular e ainda sem conseguir acesso a minha conta já não bastasse a dificuldade que tive para que meu cartão fosse entregue hoje diga se de passagem não estou conseguindo de jeito nenhum entrar na conta a incerteza de permanecer no banco é grande devido a isso
Adley Sousa,5,top,2026-06-18 19:38:20,top
Valdineia Da conceição,5,excelente 👏👏,2026-06-18 19:37:17,excelente
Simone Marinho,5,esse banco e 10,2026-06-18 19:32:53,esse banco e
Fernandodnunes,5,👍👍👍👍,2026-06-18 19:24:47,
Renato Cardoso,5,e muito bom,2026-06-18 19:23:22,e muito bom
ropeto ropeto,5,bom,2026-06-18 19:19:38,bom
Airton Rodrigues,5,"atendido pôr Kelly, "" ÓTIMO ATENDIMENTO """,2026-06-18 19:14:06,atendido pôr kelly ótimo atendimento
Manoel Messias,5,top ruim pra almenta o limite demora e e pouco quando almenta só isso o restante e tranquilo,2026-06-18 19:12:24,top ruim pra almenta o limite demora e e pouco quando almenta só isso o restante e tranquilo
Luciano dos santos,3,ultimamente está muito difícil acessar o app,2026-06-18 19:07:56,ultimamente está muito difícil acessar o app
Eduardo Lessandro D'Imperio,3,"A atualização de limite era ótima, agora não está mais fluida como antes. Você desliza o dedo e torce pra acertar o limite desejado.",2026-06-18 19:04:24,a atualização de limite era ótima agora não está mais fluida como antes você desliza o dedo e torce pra acertar o limite desejado
Adriel Gomes,1,o código de acesso não chega meu Deus como 😢😢😢😢,2026-06-18 19:04:14,o código de acesso não chega meu deus como
Maisa Fernanda Xavier,5,Nubank é muito bom recomendo,2026-06-18 19:01:48,nubank é muito bom recomendo
Maria Verônica Furtado,5,perfeito,2026-06-18 18:55:17,perfeito
José Carlos C. Amorim,5,Maravilhoso excelente,2026-06-18 18:43:18,maravilhoso excelente
Sandra RibeirodosSantos,5,ótimo,2026-06-18 18:35:34,ótimo
Anibal Vilhete,1,"O aplicativo não deixa terminar o cadastro, quando passa para actividade profissional não abre a janela para cadastrar.",2026-06-18 17:48:58,o aplicativo não deixa terminar o cadastro quando passa para actividade profissional não abre a janela para cadastrar
Leandro Dics,4,"aplicativo ótimo, porém confuso quando falta um valor a pagar no cartão de crédito. no dia seguinte ele já se junta com a próxima fatura, não te facilitando pagar o que falta da fatura anterior, te levando a pagar mais juros sem necessidade.",2026-06-18 17:42:35,aplicativo ótimo porém confuso quando falta um valor a pagar no cartão de crédito no dia seguinte ele já se junta com a próxima fatura não te facilitando pagar o que falta da fatura anterior te levando a pagar mais juros sem necessidade
Eloá santossilva,5,"ótimo, principalmente o atendimento!",2026-06-18 17:37:14,ótimo principalmente o atendimento
ferreira eduardo,5,"Ótimo app, porém coloquem uma opção para ajustar a fonte no app está muito grande apenas isso.",2026-06-18 17:34:27,ótimo app porém coloquem uma opção para ajustar a fonte no app está muito grande apenas isso
Fagner Teodoro,5,top,2026-06-18 17:30:41,top
Helia,5,OTIMO,2026-06-18 17:24:10,otimo
Yasmin Camila Pereira dos Santos,5,bom,2026-06-18 17:14:54,bom
Miriam,5,completo,2026-06-18 17:13:32,completo
Drack.1v4,1,"foquei mais de cinco dias tentando criar a conta para menor e não deu certo, fiz tudo q pedia, mais no final voltava para arte de pedir a autorização dos pais depois q eu fazia eu tinha que refazer todo o cadastro",2026-06-18 17:11:08,foquei mais de cinco dias tentando criar a conta para menor e não deu certo fiz tudo q pedia mais no final voltava para arte de pedir a autorização dos pais depois q eu fazia eu tinha que refazer todo o cadastro
Luiz,5,tooop d mas boa,2026-06-18 17:01:39,tooop d mas boa
João Mateus Romera Ruaro,5,melhor banco,2026-06-18 16:54:35,melhor banco
Emanoel Arnold Alves Monteiro Da Silva Arnold,5,bem útil,2026-06-18 16:51:23,bem útil
Manoel Alvez,5,precisa melhorar muito ainda,2026-06-18 16:47:49,precisa melhorar muito ainda
José Orlando,5,bom de mais,2026-06-18 16:45:58,bom de mais
cleonice vieira,1,eu não posso dizer o mesmo pra mim não tem como elogiar o banco pois o meu pedido não chegou até agora eles demora muito pra fazer a entrega eles falam que ja fez a entrega mais não chegou no meu endereço isso é muito desumano com o cliente.,2026-06-18 16:41:32,eu não posso dizer o mesmo pra mim não tem como elogiar o banco pois o meu pedido não chegou até agora eles demora muito pra fazer a entrega eles falam que ja fez a entrega mais não chegou no meu endereço isso é muito desumano com o cliente
Robson Vieira,5,excelente,2026-06-18 16:13:22,excelente
Ana Paula Silva,5,amo demais esse banco,2026-06-18 16:13:18,amo demais esse banco
Laís Batista,1,"cheio de bug, qr code está falhando, e ainda conseguiram acessar minha conta sem mexer no aparelho e fizeram uma compra no Ifood. contestei, sem sucesso. segurança zero!",2026-06-18 16:07:32,cheio de bug qr code está falhando e ainda conseguiram acessar minha conta sem mexer no aparelho e fizeram uma compra no ifood contestei sem sucesso segurança zero
Roberto Candido,5,boa,2026-06-18 16:06:31,boa
Gustavo Delgado (Guh),5,"incrível como o nubank me ajudou com golpista que quase levaram meu dinheiro, TOMEM CUIDADO... Esses golpistas são ardilosos, ele se passou por um delegado me ameaçando ir preso por um crime ediondo que eu nunca fiz. O banco me avisou que poderia ser uma possível fraude/golpe, o que foi como uma chave em minha mente que me fez bloquear o golpista. Muito obrigado nubank, e fica de aviso pra outras pessoas, um delegado não liga pedindo pix e nem te ameaçando ir preso do nada.",2026-06-18 16:04:01,incrível como o nubank me ajudou com golpista que quase levaram meu dinheiro tomem cuidado esses golpistas são ardilosos ele se passou por um delegado me ameaçando ir preso por um crime ediondo que eu nunca fiz o banco me avisou que poderia ser uma possível fraudegolpe o que foi como uma chave em minha mente que me fez bloquear o golpista muito obrigado nubank e fica de aviso pra outras pessoas um delegado não liga pedindo pix e nem te ameaçando ir preso do nada
Taly Vasquez,5,és confirmado em você 🫵,2026-06-18 16:03:35,és confirmado em você
Eliana Pereira,5,O Nubank cuida de mim Eu amo este banco.,2026-06-18 15:54:11,o nubank cuida de mim eu amo este banco
isabelly Carla07,3,"eu gosto muito da nubank mas sempre quando faço Pix errado eles n resolvem uma vez mandei 2 reais pra uma lanchonete sem querer e a lanchonete não devolveu, eu fiz questão de comprar uma coisa lá e pagar o valor com 2 reais a menos pra ter ""retorno"". Mesma coisa hoje c um cara de 40 reais, pedi pra ver e eles n olham, n resolvem",2026-06-18 15:49:53,eu gosto muito da nubank mas sempre quando faço pix errado eles n resolvem uma vez mandei reais pra uma lanchonete sem querer e a lanchonete não devolveu eu fiz questão de comprar uma coisa lá e pagar o valor com reais a menos pra ter retorno mesma coisa hoje c um cara de reais pedi pra ver e eles n olham n resolvem
George Ocoama,5,muito bom,2026-06-18 15:44:21,muito bom
Geicy geicy,1,Muito ruim de liberar limite,2026-06-18 15:41:07,muito ruim de liberar limite
Robson A. Freitas,5,excelente,2026-06-18 15:19:25,excelente
Dayse Lins,5,"excelente, nota 10",2026-06-18 15:18:08,excelente nota
Fellipe Gabriel,1,quero falar com atendente,2026-06-18 15:12:53,quero falar com atendente
Renilson de Jesus,2,"Aplicativo tá péssimo, não quer abrir",2026-06-18 15:08:41,aplicativo tá péssimo não quer abrir
Williames Souza,3,muito bom excepcional excepcional objetivos,2026-06-18 15:04:45,muito bom excepcional excepcional objetivos
Miron Francisco,5,muito bom opcional e um ótimo fácil,2026-06-18 15:04:23,muito bom opcional e um ótimo fácil
Janete Ribeiro,5,muito bom,2026-06-18 15:03:33,muito bom
Douglas Dos reis Borges,5,ótima,2026-06-18 14:50:09,ótima
Rosangela Silva,5,muito boa,2026-06-18 14:49:58,muito boa
Carolina Vitória Alves da Rocha,5,"muito bom ,o único aplicativo q me liberou cartão de crédito",2026-06-18 14:45:43,muito bom o único aplicativo q me liberou cartão de crédito
Chico vaqueiro 2026 Almeida,5,muito bom,2026-06-18 14:45:16,muito bom
Elton Arcanjo da Silva,5,"Ótimo banco, tem ótimas opções de investimento e me deu um cartão de crédito. boas dicas aqui.",2026-06-18 14:40:23,ótimo banco tem ótimas opções de investimento e me deu um cartão de crédito boas dicas aqui
Camile Vitória,5,aplicativo ótimo 👍,2026-06-18 14:32:08,aplicativo ótimo
Carla Mello,4,"para aqueles que tem dificuldade em lembrar da senha de acesso ao app, não adianta usar o leitor digital e marcar esse opção no app, simplesmente não funciona. sempre pede a senha de acesso para abrir o app.",2026-06-18 14:30:41,para aqueles que tem dificuldade em lembrar da senha de acesso ao app não adianta usar o leitor digital e marcar esse opção no app simplesmente não funciona sempre pede a senha de acesso para abrir o app
Ricardo Veloso,5,boa,2026-06-18 14:19:39,boa
Lucas Vr,3,"não ler QR code, fica tela preta",2026-06-18 14:19:26,não ler qr code fica tela preta
kelwyn,1,o app tá passando por algum problema fica me deslogando já são 4 vezes essa semana.,2026-06-18 14:15:53,o app tá passando por algum problema fica me deslogando já são vezes essa semana
cleyton silva,5,muito bom 😊,2026-06-18 14:11:14,muito bom
Janaina Isabelly,5,muito bom mesmo,2026-06-18 14:04:37,muito bom mesmo
glauco frederico,5,"Ótimo aplicativo. O que poderia melhorar seria mandar uma notificação com antecedência dizendo que precisa ser atualizado. Atualiza demais e sempre de surpresa, ficamos sabendo apenas na hora de pagar algo....o que costuma trazer constrangimento pois sempre atrasa alguém .",2026-06-18 13:56:45,ótimo aplicativo o que poderia melhorar seria mandar uma notificação com antecedência dizendo que precisa ser atualizado atualiza demais e sempre de surpresa ficamos sabendo apenas na hora de pagar algoo que costuma trazer constrangimento pois sempre atrasa alguém
Sebastiao Junior,1,pessimo,2026-06-18 13:55:13,pessimo
Lia Nazario,5,muito boa,2026-06-18 13:47:40,muito boa
Rodrigo Campos,5,bom,2026-06-18 13:42:19,bom
Elane Marketing digital,5,bomm,2026-06-18 13:40:09,bomm
Silvio Barbosa,5,excelente 👏👏👏,2026-06-18 13:36:20,excelente
Dalira lucca Da silva,5,muito bom mas eu quería meu crédito de volta.,2026-06-18 13:35:24,muito bom mas eu quería meu crédito de volta
Rosangela Martins,5,essa instituição é o melhor banco digital que existe,2026-06-18 13:33:56,essa instituição é o melhor banco digital que existe
mc mek15 gomes,5,não conseguir entrar,2026-06-18 13:29:23,não conseguir entrar
Nicollas Gomes,5,"esse é o melhor app de banco que eu já usei, plmds",2026-06-18 13:28:16,esse é o melhor app de banco que eu já usei plmds
felipe oshiro,5,melhor conta e cartão amor meu roxinho.!!,2026-06-18 13:24:01,melhor conta e cartão amor meu roxinho
Camila Guimaraes,5,"PARABÉNS, QUE DEUS ABENÇOE MARAVILHOSAMENTE!!!👏👏✨🙌✨👏👏",2026-06-18 13:14:17,parabéns que deus abençoe maravilhosamente
Francisca Macedo,5,ótima 😀,2026-06-18 13:14:15,ótima
Shawn Liornade Costas,5,Melhor banco ever,2026-06-18 13:11:39,melhor banco ever
Petrônio Portela,4,informações boas,2026-06-18 13:09:56,informações boas
Symara Vilanova,5,muito bom 😊,2026-06-18 13:09:08,muito bom
Takeru_ruu,3,"infelizmente estou com problema no pix qrcode, o qrcode lê mas não avança a parte de confirmação e isso tá ficando chato, tenho que ficar andando com o cartão pra lá e pra cá, hoje mesmo não consegui comprar nada pq consegui confirmar a compra já que a tela não aparece, pra que um app de banco que tem pix se não consigo usar o pix???",2026-06-18 13:03:19,infelizmente estou com problema no pix qrcode o qrcode lê mas não avança a parte de confirmação e isso tá ficando chato tenho que ficar andando com o cartão pra lá e pra cá hoje mesmo não consegui comprar nada pq consegui confirmar a compra já que a tela não aparece pra que um app de banco que tem pix se não consigo usar o pix
Claudio Gomes,5,muito boa,2026-06-18 13:02:47,muito boa
Juliete Caetano,5,eu acho muito bom nubank gostei,2026-06-18 12:55:24,eu acho muito bom nubank gostei
Fabiano Brito,5,só fica melhor se não cobra no saque,2026-06-18 12:54:40,só fica melhor se não cobra no saque
Fabio Reis,5,muito bom sumpe recomendo,2026-06-18 12:49:38,muito bom sumpe recomendo
Cleidemar De Oliveira,5,top,2026-06-18 12:45:14,top
Kristiano Santos,5,"já resolvido , por isso é o melhor banco, rápido 👏🏻👏🏻 5 estrela",2026-06-18 12:31:32,já resolvido por isso é o melhor banco rápido estrela
Eduardo .O,4,"favor arrumar a leitura do QR para pagamento, demora muito a fazer a leitura, tanto no 4g como no wi-fi.",2026-06-18 12:27:52,favor arrumar a leitura do qr para pagamento demora muito a fazer a leitura tanto no g como no wifi
jones o boitao,5,É BAMM DE MAISSSSS só podia sér nubank ..,2026-06-18 12:21:05,é bamm de maisssss só podia sér nubank
Ana Júlia Da Silva,5,muito legal,2026-06-18 12:08:58,muito legal
Maria José Magalhães Terra,3,Eu já tenho conta aberta,2026-06-18 11:59:26,eu já tenho conta aberta
LORENA2 Carvalho,2,"O aplicativo, em si, é bom. No entanto, estou sem acesso a um valor que tenho guardado porque digitei minha senha incorretamente duas vezes. Sempre que tento realizar o reconhecimento facial, não obtenho sucesso. Já entrei em contato com a central de atendimento para solicitar suporte, porém até o momento não recebi nenhum retorno. Gostaria de uma solução para recuperar o acesso à minha conta o mais breve possível.",2026-06-18 11:55:08,o aplicativo em si é bom no entanto estou sem acesso a um valor que tenho guardado porque digitei minha senha incorretamente duas vezes sempre que tento realizar o reconhecimento facial não obtenho sucesso já entrei em contato com a central de atendimento para solicitar suporte porém até o momento não recebi nenhum retorno gostaria de uma solução para recuperar o acesso à minha conta o mais breve possível
Talvanes Henrique bento da Silva Henrique,5,esse app e top,2026-06-18 11:52:50,esse app e top
Pedro Meruoca,5,ótimo de mais,2026-06-18 11:49:45,ótimo de mais
Maria Eugênia,1,nao consigo entrar no meu aplicativo,2026-06-18 11:48:37,nao consigo entrar no meu aplicativo
Nice 12345,5,bom,2026-06-18 11:43:39,bom
Sidinei jose silva,5,bom,2026-06-18 11:42:06,bom
Valdeniosantoseliodorio Denio,5,ótimo valeu,2026-06-18 11:42:00,ótimo valeu
Joao Andrey,5,rapidez,2026-06-18 11:40:10,rapidez
Daniela Freitas,5,amo,2026-06-18 11:35:55,amo
beatriz Ribeiro,3,meu leitor de QR code para pagar Pix não está funcionando a dias,2026-06-18 11:12:34,meu leitor de qr code para pagar pix não está funcionando a dias
Hyago ff geme Sniper,5,quando eu comprei ele achei muito bom,2026-06-18 11:10:30,quando eu comprei ele achei muito bom
Dolores Gitai de lima,3,"acho que a nubank tem que melhorar mais ,pois o app fica toda hora mudando e que horas que aparece toda nossa dividas ,e parcelar e outra hora não ,fora o juro que está sendo um absurdo só pra você converti sei limite e crédito na conta,eu sempre pago do dia certo ,mais Meu limite não alimenta e não porque muito claro o seu gasto.nao uso o cartão porque estou tentando iluminar as dividas com nubank.",2026-06-18 11:08:08,acho que a nubank tem que melhorar mais pois o app fica toda hora mudando e que horas que aparece toda nossa dividas e parcelar e outra hora não fora o juro que está sendo um absurdo só pra você converti sei limite e crédito na contaeu sempre pago do dia certo mais meu limite não alimenta e não porque muito claro o seu gastonao uso o cartão porque estou tentando iluminar as dividas com nubank
Adronele Dias,5,ótimo,2026-06-18 11:04:57,ótimo
Geny Souza,5,ótimo,2026-06-18 10:57:52,ótimo
Jamilson Nascimento,5,Estou satisfeito porque resolvi o problema.,2026-06-18 10:57:19,estou satisfeito porque resolvi o problema
Raul Romão,5,o melhor,2026-06-18 10:56:13,o melhor
Rosa Rosa,5,muito bom,2026-06-18 10:51:35,muito bom
Luciana Monteiro,5,muito bom,2026-06-18 10:49:49,muito bom
Fábia Sá,5,ótimo,2026-06-18 10:47:35,ótimo
Sirlene Tavares,5,atendente teve todo um cuidado pra explicar,2026-06-18 10:44:04,atendente teve todo um cuidado pra explicar
Samuel Monteiro de Moraes,1,app travando o q era fluido ar trava fica rodando rodando atrasa tudo até o recebimento de pix ta demorando para avisar... ta um lixo,2026-06-18 10:33:59,app travando o q era fluido ar trava fica rodando rodando atrasa tudo até o recebimento de pix ta demorando para avisar ta um lixo
expresso siberiano,5,muito bom.,2026-06-18 10:29:52,muito bom
kilma regina,5,excelente,2026-06-18 10:27:25,excelente
Ana Suzana,2,não ganhando o dinheiro,2026-06-18 10:23:25,não ganhando o dinheiro
Marcelo Nobrega,5,ótimo.,2026-06-18 10:23:03,ótimo
Karina Xavier,5,não está fazendo Pix hoje todos pois travam,2026-06-18 10:15:30,não está fazendo pix hoje todos pois travam
John Caio Caio,5,excelente,2026-06-18 10:09:27,excelente
JESSICA BRUNA PINHEIRO,5,ótimo,2026-06-18 10:09:11,ótimo
ELDA PROENÇA,5,gosto muito do roxinho,2026-06-18 10:08:06,gosto muito do roxinho
Antônio Tonho,5,"Sim... Funciona perfeitamente bem até aqui, sem dificuldades alguma...",2026-06-18 10:01:59,sim funciona perfeitamente bem até aqui sem dificuldades alguma
Matheus Fernandes Costa de Aguiar,5,bom ótimo,2026-06-18 09:54:36,bom ótimo
Antonio Moura Moura,5,the best,2026-06-18 09:53:58,the best
Fernanda Cunha,1,gostava do meu cartão mais foi cancelado,2026-06-18 09:51:43,gostava do meu cartão mais foi cancelado
Douglas Borghi,5,ótimo,2026-06-18 09:49:28,ótimo
Raimundo Oliveira de Sousa,5,Bom,2026-06-18 09:48:46,bom
Maria Denised Silva,1,não quer abrir .,2026-06-18 09:47:52,não quer abrir
Kaylan Rocha,5,muito bom indico,2026-06-18 09:39:31,muito bom indico
Rodrigo,5,"e um aplicativo ótimo pra se usar, não tem nenhum problema, eu uso a 5 anos e nunca aconteceu nada e nem um golpe, o nubenk e o melhor",2026-06-18 09:23:29,e um aplicativo ótimo pra se usar não tem nenhum problema eu uso a anos e nunca aconteceu nada e nem um golpe o nubenk e o melhor
Mara Almeida,5,"preciso de 200 reais, posso começar a pagar no mes de julho de 20/26/de 4x de 50 reais?",2026-06-18 09:07:48,preciso de reais posso começar a pagar no mes de julho de de x de reais
ADMAR CRUZ,5,muito boa,2026-06-18 09:06:26,muito boa
Gleice Machado,5,"Nada a reclamar em mais de 5 anos com o Nu. Melhor banco digital, melhor aplicativo. Amo, amo!!!💜",2026-06-18 09:02:23,nada a reclamar em mais de anos com o nu melhor banco digital melhor aplicativo amo amo
Aurélio Alves oficial,4,Aqui você pode fazer tudo,2026-06-18 08:54:19,aqui você pode fazer tudo
Thiago Sena,5,Agora está ótimo,2026-06-18 08:44:24,agora está ótimo
Aparecida Bonfim,5,muito bom,2026-06-18 08:40:10,muito bom
Gladis Voloski,5,Muito bom,2026-06-18 08:30:57,muito bom
Lucas Brito,4,Muito bom,2026-06-18 08:14:19,muito bom
bruno leal,5,muito prático!!,2026-06-18 08:11:50,muito prático
Hugo Emiliano,4,10 nota,2026-06-18 08:09:13,nota
Silvia Helena Motta,1,estou com dificuldade de abrir app,2026-06-18 08:01:15,estou com dificuldade de abrir app
Adriano Da Silva,1,bom dia o app d nada não faz reconhecimento facial pra abrir minha conta 🤔🤔🤔😢😢😢,2026-06-18 07:56:51,bom dia o app d nada não faz reconhecimento facial pra abrir minha conta
Sebastiana alves da silva,5,"muito bom esse banco, responde todas as minhas necessidades.",2026-06-18 07:55:33,muito bom esse banco responde todas as minhas necessidades
Kauã Cunha,2,otimo,2026-06-18 07:44:52,otimo
jose rogerio deck,5,Excelente não tem pra ninguém nubank sempre,2026-06-18 07:19:58,excelente não tem pra ninguém nubank sempre
Daniel Oliveira,1,não consigo fazer cópia e cola pra pagar quem eu quero,2026-06-18 07:18:13,não consigo fazer cópia e cola pra pagar quem eu quero
Marcos Vinicius,5,muito bom,2026-06-18 07:12:23,muito bom
Edu Ccb,5,o melhor Banco tms,2026-06-18 07:00:26,o melhor banco tms
Taty Barreto,5,tem suprido minhas necessidades e espectativas.,2026-06-18 06:44:59,tem suprido minhas necessidades e espectativas
djanira de souza virginio,1,eu nao to conseguindo entrar na minha conta fica dando q ocorreu erro o que faço,2026-06-18 06:44:46,eu nao to conseguindo entrar na minha conta fica dando q ocorreu erro o que faço
Rodrigo Gomes,3,"Ao clicar em qualquer notificação ela leva a tela de login, não importa qual notificação seja. Resolvam isso por favor",2026-06-18 06:36:20,ao clicar em qualquer notificação ela leva a tela de login não importa qual notificação seja resolvam isso por favor
Rosa Helena Rodrigues Aquino,5,maravilhoso tudo com muita facilidade.,2026-06-18 06:34:54,maravilhoso tudo com muita facilidade
Vinícius Crisóstomo,5,Exatamente Instituição,2026-06-18 06:21:12,exatamente instituição
adailson nascimento Adailson.nascimento,5,melhor banco do mundo,2026-06-18 06:18:31,melhor banco do mundo
Andréia Da Silva,5,melhor banco digital,2026-06-18 06:13:24,melhor banco digital
Vivianne Dossantos,5,melhor conta que já tive,2026-06-18 06:09:15,melhor conta que já tive
Guilherme Starly,5,muito bom,2026-06-18 06:00:54,muito bom
Manoel Aparecido de Sousa,1,tô com problema no appe não resolve,2026-06-18 05:56:30,tô com problema no appe não resolve
marcos Vinicius Alexandre,5,banco completo é top,2026-06-18 05:49:48,banco completo é top
Andre Marques,5,"GRACAS A DEUS deram a opção de apagar as sugestões de portabilidade da tela principal. Isso expõe muito onde você tem conta em caso de um roubo do celular, e pior ainda em sequestro.",2026-06-18 05:46:38,gracas a deus deram a opção de apagar as sugestões de portabilidade da tela principal isso expõe muito onde você tem conta em caso de um roubo do celular e pior ainda em sequestro
Ronie Von,5,muito bom mesmo,2026-06-18 05:18:23,muito bom mesmo
W X,5,tô gostando muito,2026-06-18 05:10:25,tô gostando muito
Viviane MIranda,5,"Excelente atendimento, bem assistida e excelente pontualidade",2026-06-18 04:56:16,excelente atendimento bem assistida e excelente pontualidade
Cristina Bianelli,5,um dos melhores bancos,2026-06-18 04:40:57,um dos melhores bancos
Sidnei Alves dos Santos,5,bom de mais,2026-06-18 04:08:53,bom de mais
Eliaspcintra@gemail.com Eliaspcintra,5,pra mim e o banco melhor que existe não a outro,2026-06-18 04:00:35,pra mim e o banco melhor que existe não a outro
Daniela de brito Silva,5,😀,2026-06-18 03:32:29,
Vlog da Nyna,5,Amo a Nubank.,2026-06-18 03:02:38,amo a nubank
Maria Nauva,5,aplicativo muito bom gostei nota 1000,2026-06-18 02:57:31,aplicativo muito bom gostei nota
BMC Contrucci,5,bom,2026-06-18 02:13:21,bom
Alex Weinberger,5,Aumente meu limite de crédito,2026-06-18 02:10:06,aumente meu limite de crédito
Paulo Sérgio,5,top,2026-06-18 01:32:17,top
Gleisiany Freitas de oliveira,5,Gratidão!!!,2026-06-18 01:20:09,gratidão
Edilson Papalegua,4,Acistir. todos. os. filmes,2026-06-18 00:57:30,acistir todos os filmes
Pedro ernando silva,5,"Estou muito satisfeito com meu cartão Nubank , o app é muito prático , realmente facilitou minha vida , além disso é um cartão gratuito de verdade, nota 1.000",2026-06-18 00:51:34,estou muito satisfeito com meu cartão nubank o app é muito prático realmente facilitou minha vida além disso é um cartão gratuito de verdade nota
Ednateixeiraribeiro,5,facilidade pra entrar no aplicativo facilidade pra fazer pix enfim ótimo aplicativo nota 10,2026-06-18 00:29:05,facilidade pra entrar no aplicativo facilidade pra fazer pix enfim ótimo aplicativo nota
Luiz Fernando,1,não consegui abrir a conta prefiro o mercado livre,2026-06-18 00:05:01,não consegui abrir a conta prefiro o mercado livre
Aparecida Rodrigues da silva,5,muito bom ☺️,2026-06-18 00:01:23,muito bom
francisco pereira,4,muito bom.,2026-06-17 23:40:32,muito bom
Jehnnyffeysilva silva,5,ótimo,2026-06-17 23:22:18,ótimo
nonato Pinheiro,1,cancelei meu cartão de crédito tenho ele a mais de 3 anos e o crédito não passa de 400 de limite sempre usei pra aumentar limite já movimentei mais de meio milhão de reais paguei minha fatura certinho,2026-06-17 23:11:34,cancelei meu cartão de crédito tenho ele a mais de anos e o crédito não passa de de limite sempre usei pra aumentar limite já movimentei mais de meio milhão de reais paguei minha fatura certinho
aline faria,5,excelente 👏😁,2026-06-17 23:10:31,excelente
Elisangela Leopoldo,5,eu adoro meu Roxinho 😃,2026-06-17 23:07:13,eu adoro meu roxinho
Timoneiro Elvis,5,adoro esse nubank,2026-06-17 23:04:30,adoro esse nubank
Álex Assumpção,4,"As vezes demora abrir, demora processar pix. Mas no geral é ok.",2026-06-17 23:04:17,as vezes demora abrir demora processar pix mas no geral é ok
Marcellus Falcao,5,muito bom show,2026-06-17 22:45:48,muito bom show
Ecelia Sousa,5,"esse aplicativo é muito bom está comigo. há um bom tempo, não uso muito porque o limite é pouco, mais gosto para fazer poucas compras.",2026-06-17 22:31:42,esse aplicativo é muito bom está comigo há um bom tempo não uso muito porque o limite é pouco mais gosto para fazer poucas compras
Laurahradecky Hradecky,1,"horrível, não consigo acessar minha conta",2026-06-17 22:30:44,horrível não consigo acessar minha conta
Mateus Barbosa,5,Melhor aplicativo financeiro.,2026-06-17 22:26:48,melhor aplicativo financeiro
Vinicius Baruffaldi D.Sá,5,app muito bom recomedo porém acordei hj e meu app da nubank não está abrindo de jeito nenhum então passei o dia sem acesso ao meu dinheiro,2026-06-17 22:20:13,app muito bom recomedo porém acordei hj e meu app da nubank não está abrindo de jeito nenhum então passei o dia sem acesso ao meu dinheiro
Jayana Monteiro,5,e muito bom eu isso muito mesmo e me ajudou em vários momentos,2026-06-17 22:16:43,e muito bom eu isso muito mesmo e me ajudou em vários momentos
Thelma Marquett,3,"pela segunda vez em um mês que não consigo entrar na minha conta, aparece uma página para cadastrar conta de empresarial não tenho empresa!!! e não consigo acessar minha conta!!!!",2026-06-17 22:12:14,pela segunda vez em um mês que não consigo entrar na minha conta aparece uma página para cadastrar conta de empresarial não tenho empresa e não consigo acessar minha conta
Amarildo Okuno,5,ótimo banco digital estou gostando muito só limite do cartão que e pouco mais o resto e tudo perfeito,2026-06-17 22:06:59,ótimo banco digital estou gostando muito só limite do cartão que e pouco mais o resto e tudo perfeito
Thiarles silva,5,🦸🏻,2026-06-17 22:01:24,
Alex Uchoa,5,ótimo,2026-06-17 21:39:14,ótimo
Michele Nascimento,1,"o pior app que já vi, eu fui ROUBADA, DUAS vezes e app não fez o REEMBOLSO, nunca mais confiarei meu dinheiro nesse banco",2026-06-17 21:37:57,o pior app que já vi eu fui roubada duas vezes e app não fez o reembolso nunca mais confiarei meu dinheiro nesse banco
Vicente,3,"já possuo conta neste banco,por que não posso assessar com minha biometria?",2026-06-17 21:36:12,já possuo conta neste bancopor que não posso assessar com minha biometria
giovani macedo,5,. muito boa,2026-06-17 21:26:39,muito boa
Andrelina Moreira,5,o melhor banco que tenho,2026-06-17 21:25:41,o melhor banco que tenho
Maria José,2,"nubank ja foi bom mas agora excluindo contas, excluiu minha conta PJ porque não peguei emprestimos e não me endividei com cartão de crédito. então estou mudando de opinião a respeito deste ""banco"". e mudando pra um físico que faz as mesmas funções do nubank só que com mais segurança.",2026-06-17 21:25:07,nubank ja foi bom mas agora excluindo contas excluiu minha conta pj porque não peguei emprestimos e não me endividei com cartão de crédito então estou mudando de opinião a respeito deste banco e mudando pra um físico que faz as mesmas funções do nubank só que com mais segurança
Yrlan Yrlanjosedonascimen,5,muito bom,2026-06-17 21:24:00,muito bom
Matheus Bispo,5,minha vida ficou muito mas fácil depois do nuback tudo nele e incrível!!,2026-06-17 21:18:52,minha vida ficou muito mas fácil depois do nuback tudo nele e incrível
Gabs,1,"eu tinha uma linha de crédito mais foi bloqueada, e ainda não foi liberado e olha q eu faço altas movimentação e sempre estou em dias com o banco e msm assim eles não liberam mais a minha linha de crédito, se eu tivesse devendo blz!! mais eu estou em dias com tudo e nem por isso eu consigo de volta uma linha de crédito",2026-06-17 21:15:49,eu tinha uma linha de crédito mais foi bloqueada e ainda não foi liberado e olha q eu faço altas movimentação e sempre estou em dias com o banco e msm assim eles não liberam mais a minha linha de crédito se eu tivesse devendo blz mais eu estou em dias com tudo e nem por isso eu consigo de volta uma linha de crédito
Murilo,5,Muito bom,2026-06-17 21:03:07,muito bom
Valquiria de Sousa Andrade,5,perfeito,2026-06-17 20:43:39,perfeito
João Rodrigues de Oliveira Oliveira,5,MUITO TOP ESSA BANCO,2026-06-17 20:41:18,muito top essa banco
Almir Camargo,5,muito boa e fácil de acessar,2026-06-17 20:36:29,muito boa e fácil de acessar
salão Jeová jireh,2,"eu nao consigo entra no reconhecimento facial euquero resposta ate amanhã de tarde se não denucio, isso esrta claro ok",2026-06-17 20:31:17,eu nao consigo entra no reconhecimento facial euquero resposta ate amanhã de tarde se não denucio isso esrta claro ok
Jaelson Cavalcante,5,muito bom parabéns,2026-06-17 20:18:00,muito bom parabéns
Rapha NG,4,"Gostaria de parcelar minha fatura, mas já faz semanas que a opção de negociação não aparece mais no app, sumiu, mesmo com a atualização não resolveu, poderiam verificar o app por gentileza. obrigada",2026-06-17 20:17:00,gostaria de parcelar minha fatura mas já faz semanas que a opção de negociação não aparece mais no app sumiu mesmo com a atualização não resolveu poderiam verificar o app por gentileza obrigada
Beatriz Vieira,2,"alguém sabe dizer porque meu aplicativo a mas de uma semana não entra de jeito nenhum ? já desinstalei, já limpei cache , já botei e desativei modo avião já reiniciei o celular e nada só fica ocorreu erro de informação e não entra já atualizei aplicativo o único banco que eu uso dano isso não sei mas oque fazer",2026-06-17 20:11:47,alguém sabe dizer porque meu aplicativo a mas de uma semana não entra de jeito nenhum já desinstalei já limpei cache já botei e desativei modo avião já reiniciei o celular e nada só fica ocorreu erro de informação e não entra já atualizei aplicativo o único banco que eu uso dano isso não sei mas oque fazer
Maria Jesus,5,"gosto muito de movimentar no Nu bank, o aplicativo é muito bom e fácil de movimentar. tenho muita facilidade pois é tudo autoexplicativo.",2026-06-17 20:10:31,gosto muito de movimentar no nu bank o aplicativo é muito bom e fácil de movimentar tenho muita facilidade pois é tudo autoexplicativo
Jussinea Silva,5,Boa,2026-06-17 20:04:47,boa
Joao Simon,5,só um problema!! tda vez que vou fazer jogo na loterica!! como resolver??,2026-06-17 19:55:01,só um problema tda vez que vou fazer jogo na loterica como resolver
Domingosjose Souza,5,muito bom mas o meu tá cancelado queria muito voltar a usar,2026-06-17 19:47:49,muito bom mas o meu tá cancelado queria muito voltar a usar
Dayana S,1,vô deixa de usa esse app tá direto bugando e tá demorando muito para fazer pagamento por qr,2026-06-17 19:45:26,vô deixa de usa esse app tá direto bugando e tá demorando muito para fazer pagamento por qr
Damile Gatinho,5,muito bom,2026-06-17 19:35:07,muito bom
Alzeni Silva,5,"fui muito bem atendida ,tive uma boa assistência",2026-06-17 19:34:01,fui muito bem atendida tive uma boa assistência
Simone Serafim,5,muito bom 👍,2026-06-17 19:20:45,muito bom
Jacilene Barbosa de Farias,2,"Se o app é tão confiável, porque não é seguro!! Tive contas online que não fiz!! Não tenho cartão virtual, como aparece na nossa,conta,sem Você ter feito!",2026-06-17 19:16:56,se o app é tão confiável porque não é seguro tive contas online que não fiz não tenho cartão virtual como aparece na nossacontasem você ter feito
Carlos Henrique Barcellos Rodrigues,5,"mto bom o esse banco , não tenho nada a reclamar só elogiar 👏",2026-06-17 19:01:39,mto bom o esse banco não tenho nada a reclamar só elogiar
Maria alice Nascimento,5,e muito bom,2026-06-17 18:59:35,e muito bom
Maria Mazzeto,5,gosto muito do nubank se ele sumiu do aparelho celular,2026-06-17 18:54:33,gosto muito do nubank se ele sumiu do aparelho celular
adolberto christino,5,Muito bom,2026-06-17 18:43:11,muito bom
Franci Silva,5,To passando pra mudar o meu comentário é agradecer ao nubank por ter resolvido o problema da minha filha está de parabéns mas pesso a vcs que resolvemos também o do meu esposo Moisés Dias Lopes ele nunca conseguiu concluir o cadastro faz um mês que está em análise eu indiquei pra ele já liguei já fiz de tudo porém até agora nada,2026-06-17 18:23:59,to passando pra mudar o meu comentário é agradecer ao nubank por ter resolvido o problema da minha filha está de parabéns mas pesso a vcs que resolvemos também o do meu esposo moisés dias lopes ele nunca conseguiu concluir o cadastro faz um mês que está em análise eu indiquei pra ele já liguei já fiz de tudo porém até agora nada
Luiz Henrique Costa,4,muito bom,2026-06-17 18:22:53,muito bom
Arlete Oliveira,1,"Não gostei , baixei o aplicativo abrir a conta, mais não sai quase um mês da página de verificação, não consigo ter acesso fiz todo o cadastro mais não tenho acesso no aplicativo....",2026-06-17 18:18:24,não gostei baixei o aplicativo abrir a conta mais não sai quase um mês da página de verificação não consigo ter acesso fiz todo o cadastro mais não tenho acesso no aplicativo
Sergio Caires,5,ótimo,2026-06-17 18:17:43,ótimo
LanzerPotaz,4,"Falta só trocar a confirmação de pagamento de PIN pra digital do celular, caso ele tenha :)",2026-06-17 18:16:19,falta só trocar a confirmação de pagamento de pin pra digital do celular caso ele tenha
Felipe Araujo,5,boa de mais,2026-06-17 18:16:00,boa de mais
Sara Cristina,5,gostei muito,2026-06-17 18:15:03,gostei muito
Danilo,3,autônomo,2026-06-17 18:14:01,autônomo
Rafael Silva,5,ótimo,2026-06-17 18:11:08,ótimo
Kawane,5,o aplicativo muito bom gosto recomendo ☺️,2026-06-17 18:08:07,o aplicativo muito bom gosto recomendo
Tairepa Kaiabi,5,e um ótimo aplicativo,2026-06-17 18:02:48,e um ótimo aplicativo
Otaku Princess,4,"Ele é maravilhoso. O único problema é que quando terminei de pagar um empréstimo e fui pedir outro, simples sumiu, e não apareceu em lugar nenhum. sumiu!",2026-06-17 17:57:16,ele é maravilhoso o único problema é que quando terminei de pagar um empréstimo e fui pedir outro simples sumiu e não apareceu em lugar nenhum sumiu
Helena Cristina Mariana Vera,5,otima,2026-06-17 17:42:48,otima
Jéssica Brandão,1,"O aplicativo era melhor antes, Removeram a visualização dos dados do Pix Cobrança na conta NuEmpresas. Anteriormente, na seção ""Minhas Cobranças"", era possível visualizar o nome completo e o CPF da pessoa que efetuou o pagamento, da mesma forma que acontece com os boletos. Essa informação trazia mais segurança para quem recebe pagamentos. Já fui vítima de estelionatários duas vezes, e poder confirmar os dados do pagador ajudava a evitar fraudes e identificar melhor cada recebimento",2026-06-17 17:38:45,o aplicativo era melhor antes removeram a visualização dos dados do pix cobrança na conta nuempresas anteriormente na seção minhas cobranças era possível visualizar o nome completo e o cpf da pessoa que efetuou o pagamento da mesma forma que acontece com os boletos essa informação trazia mais segurança para quem recebe pagamentos já fui vítima de estelionatários duas vezes e poder confirmar os dados do pagador ajudava a evitar fraudes e identificar melhor cada recebimento
Emily Vitória,5,gostei muito,2026-06-17 17:29:58,gostei muito
Lucas Luiz,5,melhor banco do brasil,2026-06-17 17:29:25,melhor banco do brasil
Deusdeth Borges,5,muito útil para presidente,2026-06-17 17:28:20,muito útil para presidente
Luizdo 0uro 0uro 18k,4,praticidade,2026-06-17 17:23:51,praticidade
Jorginho Pereira,5,esse app é muito bom,2026-06-17 17:01:33,esse app é muito bom
Cristiane Felinto,5,a melhor coisa q eufiz,2026-06-17 17:00:02,a melhor coisa q eufiz
José Pascoal Sodré,3,boa,2026-06-17 16:56:38,boa
Juliana Pereira,5,ótimo mesmo super recomendo,2026-06-17 16:52:43,ótimo mesmo super recomendo
Sr Paulo Garcia,5,simplesmente demais esse aplicativo,2026-06-17 16:49:52,simplesmente demais esse aplicativo
Valdene Marques,5,eu amo muito esse cartão nubank amo o aplicativo sou apaixonada vc nubank abraço,2026-06-17 16:40:45,eu amo muito esse cartão nubank amo o aplicativo sou apaixonada vc nubank abraço
Bruno Barbosa,5,ótimo,2026-06-17 16:38:12,ótimo
Cristian Nascimento,2,"aplicativo com defeito, trava toda vez que leio um QR code e não consigo fazer o pagamento.",2026-06-17 16:35:22,aplicativo com defeito trava toda vez que leio um qr code e não consigo fazer o pagamento
Silvania Mendes de Almeida,1,toda hora...pede pra atualizar..,2026-06-17 16:29:03,toda horapede pra atualizar
Daniel William,2,o meu não está lendo Qrcode,2026-06-17 16:26:47,o meu não está lendo qrcode
Jake Rocha,5,"Aplicativo está muito lento, ele saiu da minha conta e agora não consigo mais entrar.",2026-06-17 16:11:23,aplicativo está muito lento ele saiu da minha conta e agora não consigo mais entrar
Josepha Gonçalves Cruz,5,estou preocupada pois o código vindo pelo meu e-mail dizem que está errado,2026-06-17 16:05:36,estou preocupada pois o código vindo pelo meu email dizem que está errado
Edson dos Santos de Jesus Ed,5,muito bom,2026-06-17 15:47:25,muito bom
Remo Sousa,5,Minha Muié amooou 👺,2026-06-17 15:46:51,minha muié amooou
Valmir Santos,5,top demais esse app,2026-06-17 15:43:40,top demais esse app
vendedor atalaia,1,"tá horrível o leitor de QR code, não está completando a operação",2026-06-17 15:42:53,tá horrível o leitor de qr code não está completando a operação
Arivaldo Silva Silva Silva,5,. excelente app rosolver,2026-06-17 15:25:30,excelente app rosolver
Fran Alberto,5,"O melhor banco digital, amo meu roxinho 💜",2026-06-17 15:23:21,o melhor banco digital amo meu roxinho
Jessica Damasio,5,"Excelente o aplicativo, recomendo muito!",2026-06-17 15:19:14,excelente o aplicativo recomendo muito
Lidia Oliveira de Jesus,5,EU tenho e já indiquei pra muitas pessoas é muito importante tem que ter é responsabilidade no crédito,2026-06-17 15:14:21,eu tenho e já indiquei pra muitas pessoas é muito importante tem que ter é responsabilidade no crédito
Nelfran santos do nascimento Santos,5,legal,2026-06-17 15:10:49,legal
Maria De Lurdes,5,melhor cartão que existe!!!!,2026-06-17 14:52:42,melhor cartão que existe
Juliano barbosa,5,ótimo,2026-06-17 14:51:54,ótimo
Alzira Rossi,5,ótima,2026-06-17 14:50:41,ótima
caio queiroz,3,"Observa-se que ao realizar o processo de pix com a opção QR code, o mesmo não aparece o valor para pagamento, o usuário tem que realizar a leitura pela segunda vez para poder extrair o valor para pagamento. Obs. realizar correção de BUG.",2026-06-17 14:38:51,observase que ao realizar o processo de pix com a opção qr code o mesmo não aparece o valor para pagamento o usuário tem que realizar a leitura pela segunda vez para poder extrair o valor para pagamento obs realizar correção de bug
Vitoria Ritter,5,"este app é bom. não tenho reclamação nem huma. só úncia coisa q app não tem paciência, parece que vai tirar alguém da forca. tá loco. poderiam ajeitar isso pra mim.",2026-06-17 14:27:56,este app é bom não tenho reclamação nem huma só úncia coisa q app não tem paciência parece que vai tirar alguém da forca tá loco poderiam ajeitar isso pra mim
Welison Martins,5,muito bom,2026-06-17 14:11:42,muito bom
Marcos Martins,1,não está fazendo leitura de qr code faz um bom tempo,2026-06-17 14:11:31,não está fazendo leitura de qr code faz um bom tempo
Apollo,1,Gente fujam dessa empresa eu tive minha experiência e a de várias milhares de pessoas todos me disseram que é Furada e eu também concordei com eles pelo jeito que fui Tratado gente é Furada!!,2026-06-17 14:06:40,gente fujam dessa empresa eu tive minha experiência e a de várias milhares de pessoas todos me disseram que é furada e eu também concordei com eles pelo jeito que fui tratado gente é furada
Elci de Souza,5,ótimo 👍 👍 👍,2026-06-17 14:04:32,ótimo
Francisco Carames,5,o QRCode não ta funcionando,2026-06-17 13:57:28,o qrcode não ta funcionando
Julio Cezar Vale,5,"ótimo,muito satisfeito",2026-06-17 13:54:04,ótimomuito satisfeito
Beatriz Pavani,3,"O aplicativo é bom mas toda vez que sai da conta tem que ficar autorizando o dispositivo, fazendo reconhecimento facial e inserindo códigos, isso é muito chato. Meu avô é idoso e não consegue fazer nada disso, o celular dele desvonecta e toda hora tenho que ir na casa dele ajudar ele!",2026-06-17 13:52:36,o aplicativo é bom mas toda vez que sai da conta tem que ficar autorizando o dispositivo fazendo reconhecimento facial e inserindo códigos isso é muito chato meu avô é idoso e não consegue fazer nada disso o celular dele desvonecta e toda hora tenho que ir na casa dele ajudar ele
Helda Melo melo,1,cancelei essa conta porque estou com dividas que não fiz .,2026-06-17 13:52:27,cancelei essa conta porque estou com dividas que não fiz
Tatiene De Souza Moreira,5,muito bom 😊,2026-06-17 13:48:18,muito bom
Angela Marques,5,melhor aplicativo de banco e o nubank,2026-06-17 13:47:32,melhor aplicativo de banco e o nubank
Tatiene De Souza Brito,4,muito bom mais eu não estou conseguindo entrar mais,2026-06-17 13:44:41,muito bom mais eu não estou conseguindo entrar mais
Wellington Silva De Almeida,1,péssimo banco pois tiraram todas as minhas linhas de créditos que eu tinha no banco dou nota zero pra esse banco,2026-06-17 13:40:48,péssimo banco pois tiraram todas as minhas linhas de créditos que eu tinha no banco dou nota zero pra esse banco
Paulo Sergio,3,e bom,2026-06-17 13:39:17,e bom
Leomar Bernardo,5,ótimo 👍,2026-06-17 13:27:03,ótimo
Sebastião do carmo,5,boa,2026-06-17 13:25:01,boa
Lucidalia Sidalia,1,não tou conseguindo acessar o aplicativo,2026-06-17 13:24:15,não tou conseguindo acessar o aplicativo
Janaina OliveiraMendes,5,otimo,2026-06-17 13:20:43,otimo
Eliana Gaia,5,maravilhoso sempre nos ajudando,2026-06-17 13:09:21,maravilhoso sempre nos ajudando
Igor Sandro,5,alguém sabe dizer porque já tem dias que não consigo entrar no meu aplicativo só dá erro de informações,2026-06-17 13:08:51,alguém sabe dizer porque já tem dias que não consigo entrar no meu aplicativo só dá erro de informações
Jose Ricardo Palmeira de Souza,5,Excelente.,2026-06-17 13:04:59,excelente
Wilton Marcelino,5,fácil de fazer,2026-06-17 13:04:50,fácil de fazer
Renato Junior,5,Bom demais,2026-06-17 13:02:44,bom demais
Valter Guitarra,5,pra ele e ótimo,2026-06-17 12:59:44,pra ele e ótimo
Karyne Alves Nogueira moraes,1,"App está péssimo, não abre, quando abri não quer fazer pix... No monento estou com receio de não conseguir resgatar o meu dinheiro.",2026-06-17 12:59:27,app está péssimo não abre quando abri não quer fazer pix no monento estou com receio de não conseguir resgatar o meu dinheiro
augusto goncalves,5,melhor conta q já tive,2026-06-17 12:58:53,melhor conta q já tive
Wellington Antônio de Jesus,5,quero um cartão de débito conheç a nu,2026-06-17 12:54:46,quero um cartão de débito conheç a nu
Isadora Dos santos,5,"É muito bom e seguro caso vocês quiserem fazer uma conta para seu filho ou filha, também é muito fácil de usar e navegar pelo app",2026-06-17 12:50:38,é muito bom e seguro caso vocês quiserem fazer uma conta para seu filho ou filha também é muito fácil de usar e navegar pelo app
Adnilson da Silva,1,péssima,2026-06-17 12:47:17,péssima
Sarah Cristina Silva Gonzaga,4,"está travando na hora da câmera ler o QR Code na função Pix, mas é recente. Fora isso, recomendo!",2026-06-17 12:45:45,está travando na hora da câmera ler o qr code na função pix mas é recente fora isso recomendo
Rose Fonseca,5,ok,2026-06-17 12:42:01,ok
Neiva Pinheiro,5,app muito bom,2026-06-17 12:40:27,app muito bom
Izaque mendes Mendes,5,Ótimo,2026-06-17 12:28:08,ótimo
Maria lucia silva de Souza,5,otimo,2026-06-17 12:22:25,otimo
Paulo Cesar Ferreira,5,muito bom,2026-06-17 12:19:38,muito bom
Jean Barbosa De Souza,5,👍,2026-06-17 12:19:26,
Edivaldo Franca,4,tranferir meu FGTS,2026-06-17 12:05:09,tranferir meu fgts
Jhony Fernandes,1,tá cobrando taxas muito altas nos parcelamentos da fatura .....estou sendo roubado,2026-06-17 12:03:47,tá cobrando taxas muito altas nos parcelamentos da fatura estou sendo roubado
Nuria Cardoso,5,nubank e muito bom,2026-06-17 12:01:20,nubank e muito bom
Simone Dos santos araujo,1,tentei ter um cartão de crédito é n tinha a opção de mudar desinstalei o App é estalei renovo é n adiantou orivel,2026-06-17 11:56:56,tentei ter um cartão de crédito é n tinha a opção de mudar desinstalei o app é estalei renovo é n adiantou orivel
Lucas,5,excelente 👏,2026-06-17 11:54:58,excelente
Mailson Carvalho,5,Banco top até o momento,2026-06-17 11:53:56,banco top até o momento
Luciana Alves da Silva Alves,5,porque e um banco que não complica. amo a facilidade que o banco mim proporciona.,2026-06-17 11:53:33,porque e um banco que não complica amo a facilidade que o banco mim proporciona
elia muniz,5,ótimo banco top atendimento,2026-06-17 11:52:13,ótimo banco top atendimento
Francisco Lira,3,ta tendo muito erro no leitor de krcod,2026-06-17 11:52:03,ta tendo muito erro no leitor de krcod
Arlete Fonteneles,5,excelente,2026-06-17 11:48:27,excelente
Anne Vox,5,muito bom satisfação total,2026-06-17 11:45:15,muito bom satisfação total
Caio Willian Gonçalves,1,por gentileza coloca depósito em boleto,2026-06-17 11:40:39,por gentileza coloca depósito em boleto
Bruno Olivier,1,"Estou usando a última versão, só tem opção de comprar e vender nada mais. Como a empresa quer que usemos assim, as cegas.",2026-06-17 11:40:21,estou usando a última versão só tem opção de comprar e vender nada mais como a empresa quer que usemos assim as cegas
Hytalo Guilherme,5,"tudo muito prático,bem fácil de usar.",2026-06-17 11:39:40,tudo muito práticobem fácil de usar
randesson,1,"como o nubank está horrível.. tudo é score, inclusive o meu só vive baixo, enquanto isso no mercado pago, está sempre alto e me oferecendo vários benefícios (migrando pra lá).",2026-06-17 11:38:22,como o nubank está horrível tudo é score inclusive o meu só vive baixo enquanto isso no mercado pago está sempre alto e me oferecendo vários benefícios migrando pra lá
Wericles Adriel,1,"Não consigo mais ler QRCode. Quando resolver, aumento a nota",2026-06-17 11:38:01,não consigo mais ler qrcode quando resolver aumento a nota
Rosania Paula,5,gosto muito da nubank mais preciso de mais crédito eles pararam de almentar,2026-06-17 11:34:55,gosto muito da nubank mais preciso de mais crédito eles pararam de almentar
Mario Rogerio Dias,5,muito bem atendido parabéns,2026-06-17 11:33:00,muito bem atendido parabéns
ANDRÉ AVENTURA,4,estou qual a análise de um reembolso tinha um pix que eu fiz errado queria que vocês cancelasse análise porque tô precisando de movimentar o restante do meu dinheiro que está agarrado desde dia 11 que estou esperando análise fico no aguardo aí,2026-06-17 11:32:40,estou qual a análise de um reembolso tinha um pix que eu fiz errado queria que vocês cancelasse análise porque tô precisando de movimentar o restante do meu dinheiro que está agarrado desde dia que estou esperando análise fico no aguardo aí
MARCK 71,1,"Quem acha esse banco bom deve tá com problema com outros bancos, nome com restrição ou retardo mental. Sempre que tento abrir conta, caio na tela de '1 hora de avaliação' que dura o mês inteiro 🫰😏 Se não vão aceitar, que digam logo pro app parar de ocupar espaço no celular 🫰😏""",2026-06-17 11:32:10,quem acha esse banco bom deve tá com problema com outros bancos nome com restrição ou retardo mental sempre que tento abrir conta caio na tela de hora de avaliação que dura o mês inteiro se não vão aceitar que digam logo pro app parar de ocupar espaço no celular
